"Configuration Attributes"

"update","ref_var_name","ref_type","ref_category","config_category","name: en","name: fr_CA","description: en","description: fr_CA","variable_name","menu_type","data_type","display_type","set_type","required","hidden","default_value","validation_type","item_level_process","auto_lock","cons_values_display","status","hide_in_trans","additional","start_date","end_date","order_number","is_array_attr","is_array_control_attr","pricing_type","pricing_display_type","is_display_pricing_at_bottom","include_in_total_price","guid","set_variable_name","menu_display_text: en","menu_display_text: fr_CA","menu_item_price: USD","menu_item_price: EUR","menu_item_price: CAD","menu_item_price: GBP","menu_item_price: AUD","menu_item_price: CNY","menu_item_price: DKK","menu_item_price: HKD","menu_item_price: INR","menu_item_price: JPY","menu_item_price: KRW","menu_item_price: PHP","menu_item_price: SGD","menu_item_price: SEK","menu_item_price: TWD","menu_item_price: BRL","menu_variable_name","menu_item_images"
"add","allEquipment:familyCtlNetworking:networking:iQNetworking","Model","1","Configurable Attributes","Model Incomplete Config",,,,"modelIncompleteConfig","false","Boolean","Boolean Checkbox","None","false","true","false","None","false","false","Marked","Active","false",,,,"1","false","false","None","None","false","false","qasavvis_716639127",,
"add","allEquipment:CTL_SA_PoC:ctl_sa_guidedSellingLine:ctl_sa_guidedSellingModel","Model","1","Configurable Attributes","Select a Product Model",,,,"ctl_sa_selectAProductModel","true","Text","Single Select Menu","None","false","false",,"None","false","false","Marked","Active","false",image_menu_layout:false,,,"1","false","false","None","None","false","false","sbcenturylink_724716025",,"Product Model 01~Product Model 02~Product Model 03~Product Model 04",,,,,,,,,,,,,,,,,,"ctl_sa_ProductModel01~ctl_sa_ProductModel02~ctl_sa_ProductModel03~ctl_sa_ProductModel04",
"add","allEquipment:familyCtlNetworking:ctlBilling:ctlAggregateBilling","Model","1","Configurable Attributes","Model Incomplete Config",,"US1524",,"modelIncompleteConfig","false","Boolean","Boolean Checkbox","None","false","true","false","None","false","false","Marked","Active","false",,,,"1","false","false","None","None","false","false","int1centurylink_729422367",,
"add","allEquipment:familyCtlNetworking:networking:ctlIQPlus","Model","1","Configurable Attributes","Model Incomplete Config",,,,"modelIncompleteConfig","false","Boolean","Boolean Checkbox","None","false","true","false","None","false","false","Marked","Active","false",,,,"1","false","false","None","None","false","false","int1centurylink_729428872",,
"add","allEquipment:familyCenturyLink:lineCtlPrivateLineEthernet:ctlModelCntnrEline","Model","1","Configurable Attributes","Z Location",,,,"ctlElnZLocationHTML","false","HTML","Read Only","Forced Set","false","false","en:~fr_CA:","None","false","false","Marked","Active","true",auto_resize:true,,,"2","false","false","None","None","false","false","d1da727b-108d-4178-9698-a11781662717",,
"add","allEquipment:familyCenturyLink:lineCtlPrivateLineEthernet:ctlModelCntnrEline","Model","1","Configurable Attributes","Location Array Control Attribute ELN",,,,"ctlElnLocationArrayControlAttribute","false","Integer","Text","None","false","false",,"Range Check","false","false","Marked","Active","false",maximum:200~minimum:1,,,"3","false","true","None","None","false","false","4b5249f3-2bfb-4619-8a24-d40bab739cc7",,
"add","allEquipment:familyCenturyLink:lineCtlPrivateLineEthernet:ctlModelCntnrEline","Model","1","Configurable Attributes","Apply Default",,,,"ctlElnApplyDefaultArrAtt","false","Boolean","Boolean Checkbox","Set","false","false","false","None","false","false","Marked","Active","false",,,,"4","true","false","None","None","false","false","8b131a1d-9a7d-4614-8bbb-df1082e09e81","ctlElnLocationSelectionArraySet",
"add","allEquipment:familyCenturyLink:lineCtlPrivateLineEthernet:ctlModelCntnrEline","Model","1","Configurable Attributes","Location A",,,,"ctlElnLocationAArrAtt","false","Text","Text","Set","false","false","en:~fr_CA:","None","false","false","Marked","Active","false",,,,"5","true","false","None","None","false","false","9fca627e-9383-4de9-9af4-a67bfa2d7336","ctlElnLocationSelectionArraySet",
"add","allEquipment:familyCenturyLink:lineCtlPrivateLineEthernet:ctlModelCntnrEline","Model","1","Configurable Attributes","Location Z",,,,"ctlElnLocationZArrAtt","false","Text","Text","Set","false","false","en:~fr_CA:","None","false","false","Marked","Active","false",,,,"6","true","false","None","None","false","false","e958ad70-be13-41e2-97a6-bdf4075ea84f","ctlElnLocationSelectionArraySet",
"add","allEquipment:familyCenturyLink:lineCtlPrivateLineEthernet:ctlModelCntnrEline","Model","1","Configurable Attributes","Configure Location Pair",,,,"ctlElnConfigureLocationPairArrAtt","false","Text","Text","Set","false","false","en:~fr_CA:","None","false","false","Marked","Active","false",,,,"9","true","false","None","None","false","false","f6b2c812-4420-436f-95e6-76c704177b4a","ctlElnLocationSelectionArraySet",
"add","allEquipment:familyCenturyLink:lineCtlPrivateLineEthernet:ctlModelCntnrEline","Model","1","Configurable Attributes","Location A",,,,"ctlElnCircLocationATabArrAtt","false","Text","Text","None","false","false","en:~fr_CA:","None","false","false","Marked","Active","false",,,,"11","true","false","None","None","false","false","f86baf3f-7fa4-4542-999d-867fbd29d5b5","ctlELnCircuitTabbedArraySet",
"add","allEquipment:familyCenturyLink:lineCtlPrivateLineEthernet:ctlModelCntnrEline","Model","1","Configurable Attributes","Location Z",,,,"ctlElnCircLocationZTabArrAtt","false","Text","Text","None","false","false","en:~fr_CA:","None","false","false","Marked","Active","false",,,,"12","true","false","None","None","false","false","c7445f13-805f-438f-aaca-2f7bcba3c120","ctlELnCircuitTabbedArraySet",
"add","allEquipment:familyCenturyLink:lineCtlPrivateLineEthernet:ctlModelCntnrEline","Model","1","Configurable Attributes","Reset A and Z target attributes",,,,"ctlElnResetAAndZTargetAttributes","false","Boolean","Boolean Checkbox","Forced Set","false","true","false","None","false","false","Marked","Active","false",,,,"13","false","false","None","None","false","false","1f5dc469-3051-4373-be97-695ef05cfd75",,
"add","allEquipment:familyCenturyLink:lineCtlPrivateLineEthernet:ctlModelCntnrEline","Model","1","Configurable Attributes","A Location Target Attribute",,,,"ctlTargetAttributePrototype","false","Text","Text Area","None","false","false","en:~fr_CA:","None","false","false","Marked","Active","false",text_area_cols:20~text_area_rows:5,,,"14","false","false","None","None","false","false","791ae371-f4dd-4cdc-a50b-feaef65fe6da",,
"add","allEquipment:familyCenturyLink:lineCtlPrivateLineEthernet:ctlModelCntnrEline","Model","1","Configurable Attributes","Z Location Target Attribute",,,,"ctlTargetAttributePrototype2","false","Text","Text Area","None","false","false","en:~fr_CA:","None","false","false","Marked","Active","false",text_area_cols:20~text_area_rows:5,,,"15","false","false","None","None","false","false","e4b0cb54-dcc1-4b0b-8a59-fe2ca2e23345",,
"add","allEquipment:familyCenturyLink:lineCtlPrivateLineEthernet:ctlModelCntnrEline","Model","1","Configurable Attributes","Circuit",,,,"ctlElnCircTypeTabArrAtt","true","Text","Single Select Menu","None","false","false",,"None","false","false","Marked","Active","false",image_menu_layout:false,,,"16","true","false","None","None","false","false","6e0c2906-25a8-488f-93d6-ff5b7abae36f","ctlELnCircuitTabbedArraySet","IXC~HUB",,,,,,,,,,,,,,,,,,"IXC~HUB",
"add","allEquipment:familyCenturyLink:lineCtlPrivateLineEthernet:ctlModelCntnrEline","Model","1","Configurable Attributes","Speed",,,,"ctlElnCircSpeedTabArrAtt","true","Text","Single Select Menu","None","false","false",,"None","false","false","Marked","Active","false",image_menu_layout:false,,,"17","true","false","None","None","false","false","107870ea-ce0f-42b3-9deb-fda238c5ea5a","ctlELnCircuitTabbedArraySet","SPEED1~SPEED2~SPEED3~SPEED4",,,,,,,,,,,,,,,,,,"SPEED1~SPEED2~SPEED3~SPEED4",
"add","allEquipment:familyCenturyLink:lineCtlPrivateLineEthernet:ctlModelCntnrEline","Model","1","Configurable Attributes","Term",,,,"ctlElnCircTermTabArrAtt","true","Text","Single Select Menu","None","false","false",,"None","false","false","Marked","Active","false",image_menu_layout:false,,,"18","true","false","None","None","false","false","caf3d01d-b372-4c7a-9924-274dc2e09a42","ctlELnCircuitTabbedArraySet","12~24~36~48~60",,,,,,,,,,,,,,,,,,"12~24~36~48~60",
"add","allEquipment:familyCenturyLink:lineCtlPrivateLineEthernet:ctlModelCntnrEline","Model","1","Configurable Attributes","Add Location Pair Button",,,,"addLocationPairButton","false","HTML","Read Only","Forced Set","false","false","en:~fr_CA:","None","false","false","Marked","Active","true",auto_resize:true,,,"19","false","false","None","None","false","false","5c008433-9e5c-4731-9d28-302c6708b0da",,
"add","allEquipment:familyCenturyLink:lineCtlPrivateLineEthernet:ctlModelCntnrEline","Model","1","Configurable Attributes","Default Circuit",,,,"ctlElnCircuitDefaultAttr","true","Text","Single Select Menu","None","false","false",,"None","false","false","Marked","Active","false",image_menu_layout:false,,,"20","false","false","None","None","false","false","88cb85ca-d222-4256-ac34-fca98b03c815",,"IXC~HUB",,,,,,,,,,,,,,,,,,"IXC~HUB",
"add","allEquipment:familyCenturyLink:lineCtlPrivateLineEthernet:ctlModelCntnrEline","Model","1","Configurable Attributes","Default Speed",,,,"ctlElnSpeedDefaultAttr","true","Text","Single Select Menu","None","false","false",,"None","false","false","Marked","Active","false",image_menu_layout:false,,,"21","false","false","None","None","false","false","a94ccb3a-6546-4a28-a88b-b2971d8e24a8",,"SPEED1~SPEED2~SPEED3~SPEED4~SPEED5",,,,,,,,,,,,,,,,,,"SPEED1~SPEED2~SPEED3~SPEED4~SPEED5",
"add","allEquipment:familyCenturyLink:lineCtlPrivateLineEthernet:ctlModelCntnrEline","Model","1","Configurable Attributes","Default Term",,,,"ctlElnTermDefaultAttr","true","Text","Single Select Menu","None","false","false",,"None","false","false","Marked","Active","false",image_menu_layout:false,,,"22","false","false","None","None","false","false","88df8a88-8609-489f-8fdd-c468d68958ff",,"12~24~36~48~60",,,,,,,,,,,,,,,,,,"12~24~36~48~60",
"add","allEquipment:familyCenturyLink:lineCtlPrivateLineEthernet:ctlModelCntnrEline","Model","1","Configurable Attributes","Select All",,,,"ctlElnSelectAllDefaultAttr","true","Text","Single Select Menu","None","false","false",,"None","false","false","Marked","Active","false",image_menu_layout:false,,,"23","false","false","None","None","false","false","b0faa6f0-d161-470e-9792-7fc8df6dc48b",,"Yes~No",,,,,,,,,,,,,,,,,,"YES~NO",
"add","allEquipment:familyCenturyLink:lineCtlPrivateLineEthernet:ctlModelCntnrEline","Model","1","Configurable Attributes","Availability Status",,,,"ctlElnAvailabilityStatusArrAtt","false","Text","Text","Set","false","false","en:~fr_CA:","None","false","false","Marked","Active","false",,,,"7","true","false","None","None","false","false","02b76c4d-db8f-4942-acb3-453da69c9f0a","ctlElnLocationSelectionArraySet",
"add","allEquipment:familyCenturyLink:lineCtlPrivateLineEthernet:ctlModelCntnrEline","Model","1","Configurable Attributes","Mileage",,,,"ctlElnMileageArrAtt","false","Text","Text","Set","false","false","en:~fr_CA:","None","false","false","Marked","Active","false",,,,"8","true","false","None","None","false","false","c7d056f9-eceb-457e-9ce1-3e541ca7171b","ctlElnLocationSelectionArraySet",
"add","allEquipment:familyCenturyLink:lineCtlPrivateLineEthernet:ctlModelCntnrEline","Model","1","Configurable Attributes","Include Pair In Quote",,,,"ctlElnIncludePairInQuoteArratt","false","Boolean","Boolean Checkbox","None","false","false","true","None","false","false","Marked","Active","false",,,,"24","true","false","None","None","false","false","10dc2a12-5080-40c8-a0e0-d2f65c41c769","ctlElnLocationSelectionArraySet",
"add","allEquipment:familyCenturyLink:lineCtlPrivateLineEthernet:ctlModelCntnrEline","Model","1","Configurable Attributes","A Location",,,,"ctlElnALocationHTML","false","HTML","Read Only","Forced Set","false","false","en:~fr_CA:","None","false","false","Marked","Active","true",auto_resize:true,,,"1","false","false","None","None","false","false","79ab8cce-c252-425f-bbad-df22fa839882",,
"add","allEquipment:familyCenturyLink:lineCtlPrivateLineEthernet:ctlModelCntnrEline","Model","1","Configurable Attributes","Availability",,,,"ctlElnAvailCheckFlagArrAtt","false","Boolean","Boolean Checkbox","Set","false","false","false","None","false","false","Marked","Active","false",,,,"10","true","false","None","None","false","false","872edd53-3d70-4b73-8bc5-9ad237ca455c","ctlElnLocationSelectionArraySet",
"add","allEquipment:CTL_SA_PoC:ctlprivateLine:ctlELineLongHaul","Model","1","Configurable Attributes","A Location",,,,"ctlALocationHTMLArrAtt","false","Text","Text Area","None","false","false","en:~fr_CA:","None","true","false","Marked","Active","false",text_area_cols:20~text_area_rows:1,,,"1","true","false","None","None","false","false","afe5162a-b7a0-4562-8c62-f5b09bfde43b","ctlELINELHArraySet",
"add","allEquipment:CTL_SA_PoC:ctlprivateLine:ctlELineLongHaul","Model","1","Configurable Attributes","A Location Selected",,,,"ctlALocationTargetArrAtt","false","Text","Text","None","false","false","en:~fr_CA:","None","true","false","Marked","Active","false",,,,"2","true","false","None","None","false","false","9ee0ffeb-87bc-450f-8e69-26f9bbdc3807","ctlELINELHArraySet",
"add","allEquipment:CTL_SA_PoC:ctlprivateLine:ctlELineLongHaul","Model","1","Configurable Attributes","A Location Previous",,,,"ctlALocationPrevious","false","Text","Text","None","false","false","en:~fr_CA:","None","false","false","Marked","Active","false",,,,"3","true","false","None","None","false","false","49996d3b-dfd0-4beb-91e4-25e227fb6c81","ctlELINELHArraySet",
"add","allEquipment:CTL_SA_PoC:ctlprivateLine:ctlELineLongHaul","Model","1","Configurable Attributes","Z Location",,,,"ctlZLocationHTMLArrAtt","false","Text","Text Area","None","false","false","en:~fr_CA:","None","false","false","Marked","Active","false",text_area_cols:20~text_area_rows:1,,,"4","true","false","None","None","false","false","0255b802-5c4c-4169-9e31-ff9f593605d8","ctlELINELHArraySet",
"add","allEquipment:CTL_SA_PoC:ctlprivateLine:ctlELineLongHaul","Model","1","Configurable Attributes","Z Location Selected",,,,"ctlZLocationTargetArrAtt","false","Text","Text","None","false","false","en:~fr_CA:","None","false","false","Marked","Active","false",,,,"5","true","false","None","None","false","false","9a7f7445-c6a6-4d7e-947c-d92dd26185e5","ctlELINELHArraySet",
"add","allEquipment:CTL_SA_PoC:ctlprivateLine:ctlELineLongHaul","Model","1","Configurable Attributes","Z Location Previous",,,,"ctlZLocationPrevious","false","Text","Text","None","false","false","en:~fr_CA:","None","false","false","Marked","Active","false",,,,"6","true","false","None","None","false","false","5a0f8b0a-443d-4bed-a3d0-1a03bbc9717c","ctlELINELHArraySet",
"add","allEquipment:CTL_SA_PoC:ctlprivateLine:ctlELineLongHaul","Model","1","Configurable Attributes","ELINE LH IXC Array Control Attr",,,,"ctlELINELHIXCArrCtlAttr","false","Integer","Text","None","false","false","1","Range Check","true","false","Marked","Active","false",maximum:200~minimum:1,,,"7","false","true","None","None","false","false","a680e5f8-711d-4dc7-92f3-586fec9a795f",,
"add","allEquipment:CTL_SA_PoC:ctlprivateLine:ctlELineLongHaul","Model","1","Configurable Attributes","Circuit Speed",,,,"ctlCircuitSpeed","true","Text","Single Select Menu","None","false","false",,"None","false","false","Marked","Active","false",image_menu_layout:false,,,"8","true","false","None","None","false","false","edaec4b7-0352-4fb0-9461-b69b2a349754","ctlELINELHArraySet","5 Mbps~10 Mbps~20 Mbps~50 Mbps~100 Mbps~150 Mbps~200 Mbps~300 Mbps~400 Mbps~500 Mbps~600 Mbps~700 Mbps~800 Mbps~900 Mbps~1000 Mbps",,,,,,,,,,,,,,,,,,"5 Mbps~10 Mbps~20 Mbps~50 Mbps~100 Mbps~150 Mbps~200 Mbps~300 Mbps~400 Mbps~500 Mbps~600 Mbps~700 Mbps~800 Mbps~900 Mbps~1000 Mbps",
"add","allEquipment:CTL_SA_PoC:ctlprivateLine:ctlELineLongHaul","Model","1","Configurable Attributes","Type",,,,"ctlELineType","true","Text","Single Select Menu","None","false","false","Point To Point","None","true","false","Marked","Active","false",image_menu_layout:false,,,"9","true","false","None","None","false","false","b01fedb6-c4cb-4007-b035-cd57a724ebe7","ctlELINELHArraySet","Point To Point~Hub~Connects to Hub",,,,,,,,,,,,,,,,,,"Point To Point~Hub~Connects to Hub",
"add","allEquipment:CTL_SA_PoC:ctlprivateLine:ctlELineLongHaul","Model","1","Configurable Attributes","Category",,,,"ctlCategoryA","true","Text","Single Select Menu","None","false","false","CLPA","None","false","false","Marked","Active","false",image_menu_layout:false,,,"10","true","false","None","None","false","false","68a1d921-ef7a-4f2e-8124-99595f11f0ab","ctlELINELHLocalLoopA","CLPA",,,,,,,,,,,,,,,,,,"CLPA",
"add","allEquipment:CTL_SA_PoC:ctlprivateLine:ctlELineLongHaul","Model","1","Configurable Attributes","Local Access Option",,,,"ctlLocalAccessOptionA","true","Text","Single Select Menu","None","false","false",,"None","false","false","Marked","Active","false",image_menu_layout:false,,,"11","true","false","None","None","false","false","f77d26bf-867e-4089-be4e-08a1a80bbee8","ctlELINELHLocalLoopA","ELA Basic~ELA Premier Identical~ELA Over SONET~EVA",,,,,,,,,,,,,,,,,,"ELA Basic~ELA Premier Identical~ELA Over SONET~EVA",
"add","allEquipment:CTL_SA_PoC:ctlprivateLine:ctlELineLongHaul","Model","1","Configurable Attributes","Access Speed",,,,"ctlAccessSpeedA","true","Text","Single Select Menu","None","false","false",,"None","false","false","Marked","Active","false",image_menu_layout:false,,,"12","true","false","None","None","false","false","54f3ca66-f048-4843-b21b-51648c5d808f","ctlELINELHLocalLoopA","1 Mbps~2 Mbps~3 Mbps~4 Mbps~5 Mbps",,,,,,,,,,,,,,,,,,"1 Mbps~2 Mbps~3 Mbps~4 Mbps~5 Mbps",
"add","allEquipment:CTL_SA_PoC:ctlprivateLine:ctlELineLongHaul","Model","1","Configurable Attributes","Loop Term",,,,"ctlLoopTermA","true","Text","Single Select Menu","None","false","false",,"None","false","false","Marked","Active","false",image_menu_layout:false,,,"13","true","false","None","None","false","false","d9cbfb29-48d8-4c44-95a5-c63a702d3847","ctlELINELHLocalLoopA","12 Months~24 Months~36 Months~48 Months~60 Months",,,,,,,,,,,,,,,,,,"12 Months~24 Months~36 Months~48 Months~60 Months",
"add","allEquipment:CTL_SA_PoC:ctlprivateLine:ctlELineLongHaul","Model","1","Configurable Attributes","Vendor",,,,"ctlVendorA","false","Text","Text","None","false","false","en:~fr_CA:","None","false","false","Marked","Active","false",,,,"14","true","false","None","None","false","false","cf711f53-ba64-4b0e-95ac-d639e8c1c2fd","ctlELINELHLocalLoopA",
"add","allEquipment:CTL_SA_PoC:ctlprivateLine:ctlELineLongHaul","Model","1","Configurable Attributes","Location",,,,"ctlLocationA","false","Text","Text","None","false","false","en:~fr_CA:","None","true","false","Marked","Active","false",,,,"15","true","false","None","None","false","false","e1fb39cb-68b0-4ee8-9d65-372da61bd7ee","ctlELINELHLocalLoopA",
"add","allEquipment:CTL_SA_PoC:ctlprivateLine:ctlELineLongHaul","Model","1","Configurable Attributes","Location",,,,"ctlLocationZ","false","Text","Text","None","false","false","en:~fr_CA:","None","false","false","Marked","Active","false",,,,"16","true","false","None","None","false","false","832d1368-5e27-4afa-b137-1ee3de39cd86","ctlELINELHLocalLoopZ",
"add","allEquipment:CTL_SA_PoC:ctlprivateLine:ctlELineLongHaul","Model","1","Configurable Attributes","Category",,,,"ctlCategoryZ","true","Text","Single Select Menu","None","false","false",,"None","false","false","Marked","Active","false",image_menu_layout:false,,,"17","true","false","None","None","false","false","e6822392-c60b-4bae-af67-c1f5470f1077","ctlELINELHLocalLoopZ","CLPA",,,,,,,,,,,,,,,,,,"CLPA",
"add","allEquipment:CTL_SA_PoC:ctlprivateLine:ctlELineLongHaul","Model","1","Configurable Attributes","Local Access Option",,,,"ctlLocalAccessOptionZ","true","Text","Single Select Menu","None","false","false",,"None","false","false","Marked","Active","false",image_menu_layout:false,,,"18","true","false","None","None","false","false","c80ffc85-16a5-4b03-8787-5c3ea6b76907","ctlELINELHLocalLoopZ","ELA Basic~ELA Premier Identical~ELA Over SONET~EVA",,,,,,,,,,,,,,,,,,"ELA Basic~ELA Premier Identical~ELA Over SONET~EVA",
"add","allEquipment:CTL_SA_PoC:ctlprivateLine:ctlELineLongHaul","Model","1","Configurable Attributes","Loop Term",,,,"ctlLoopTermZ","true","Text","Single Select Menu","None","false","false",,"None","false","false","Marked","Active","false",image_menu_layout:false,,,"19","true","false","None","None","false","false","b69fe7e9-2e76-40ce-9359-4b4d489dfdb5","ctlELINELHLocalLoopZ","12 Months~24 Months~36 Months~48 Months~60 Months",,,,,,,,,,,,,,,,,,"12 Months~24 Months~36 Months~48 Months~60 Months",
"add","allEquipment:CTL_SA_PoC:ctlprivateLine:ctlELineLongHaul","Model","1","Configurable Attributes","Vendor",,,,"ctlVendorZ","false","Text","Text","None","false","false","en:~fr_CA:","None","false","false","Marked","Active","false",,,,"20","true","false","None","None","false","false","9b7ffd6a-2cf5-4e63-924e-a52e018f582f","ctlELINELHLocalLoopZ",
"add","allEquipment:CTL_SA_PoC:ctlprivateLine:ctlELineLongHaul","Model","1","Configurable Attributes","Access Speed",,,,"ctlAccessSpeedZ","true","Text","Single Select Menu","None","false","false",,"None","false","false","Marked","Active","false",image_menu_layout:false,,,"21","true","false","None","None","false","false","b8d10226-0884-4be8-b3ee-fe1b3172b39c","ctlELINELHLocalLoopZ","1 Mbps~2 Mbps~3 Mbps~4 Mbps~5 Mbps",,,,,,,,,,,,,,,,,,"1 Mbps~2 Mbps~3 Mbps~4 Mbps~5 Mbps",
"add","allEquipment:CTL_SA_PoC:ctlprivateLine:ctlELineLongHaul","Model","1","Configurable Attributes","Add Button",,,,"ctlAddButton","false","HTML","Read Only","Forced Set","false","false","en:<button onclick='x=document.getElementById('attribute-ctlELINELHIXCArrCtlAttr'); x.value=Number(x.value)+1;'>Add</button>~fr_CA:","None","false","false","Marked","Active","true",auto_resize:true,,,"22","false","false","None","None","false","false","6e9e969c-fb33-487b-9f4e-5356f353a5c5",,
"add","allEquipment:CTL_SA_PoC:ctlprivateLine:ctlELineLongHaul","Model","1","Configurable Attributes","A Side Connection",,,,"ctlASideConnection","true","Text","Single Select Menu","None","false","false",,"None","false","false","Marked","Active","false",image_menu_layout:false,,,"23","true","false","None","None","false","false","665df250-e9e0-4e18-a30e-219290f470d1","ctlELINELHArraySet","New Loop~Existing Loop~Connects to a HUB",,,,,,,,,,,,,,,,,,"New Loop~Existing Loop~Connects to a HUB",
"add","allEquipment:CTL_SA_PoC:ctlprivateLine:ctlELineLongHaul","Model","1","Configurable Attributes","Z Side Connection",,,,"ctlZSideConnection","true","Text","Single Select Menu","None","false","false",,"None","false","false","Marked","Active","false",image_menu_layout:false,,,"24","true","false","None","None","false","false","3f2f095e-487d-4ca9-ac07-3f701260b82d","ctlELINELHArraySet","New Loop~Existing Loop~Connects to a HUB",,,,,,,,,,,,,,,,,,"New Loop~Existing Loop~Connects to a HUB",
"add","allEquipment:CTL_SA_PoC:ctlprivateLine:ctlELineLongHaul","Model","1","Configurable Attributes","Ethernet Handoff",,,,"ctlEthernetHandoffA","true","Text","Single Select Menu","None","false","false",,"None","false","false","Marked","Active","false",image_menu_layout:false,,,"25","true","false","None","None","false","false","7e385322-91fa-4051-817a-13f16a5af067","ctlELINELHLocalLoopA","Fast E~Gig E",,,,,,,,,,,,,,,,,,"Fast E~Gig E",
"add","allEquipment:CTL_SA_PoC:ctlprivateLine:ctlELineLongHaul","Model","1","Configurable Attributes","Ethernet Handoff",,,,"ctlEthernetHandoffZ","true","Text","Single Select Menu","None","false","false",,"None","false","false","Marked","Active","false",image_menu_layout:false,,,"26","true","false","None","None","false","false","69917398-5010-4cc2-9008-3f6acc39efc7","ctlELINELHLocalLoopZ","Fast E~Gig E",,,,,,,,,,,,,,,,,,"Fast E~Gig E",
"add","allEquipment:CTL_SA_PoC:ctlprivateLine:ctlELineLongHaul","Model","1","Configurable Attributes","Remove Row",,,,"ctlRemoveRow","false","Boolean","Boolean Checkbox","None","false","false","false","None","false","false","Marked","Active","false",,,,"27","true","false","None","None","false","false","6f2de49d-4a1b-4723-8a6b-4a214096ed1f","ctlELINELHArraySet",
"add","allEquipment:CTL_SA_PoC:ctlprivateLine:ctlELineLongHaul","Model","1","Configurable Attributes","Protection",,,,"ctlELINEprotection","true","Text","Single Select Menu","None","false","false","NONE","None","false","false","Marked","Active","false",image_menu_layout:false,,,"28","true","false","None","None","false","false","47303c2a-1d45-4ec8-8326-c658cbc3ff8d","ctlELINELHArraySet","NONE~POP to POP",,,,,,,,,,,,,,,,,,"NONE~POP to POP",
"add","allEquipment:CTL_SA_PoC:ctlprivateLine:ctlELineLongHaul","Model","1","Configurable Attributes","Market",,,,"ctlHubMarket","true","Text","Single Select Menu","None","false","false",,"None","false","false","Marked","Active","false",image_menu_layout:false,,,"29","true","false","None","None","false","false","f6551646-b08f-420b-9c0d-47e5604f6919","ctlELINELHArraySet","Atlanta~Boston~Capital Pennsylvania~Charlotte~Chicago~Columbia SC~Columbus~Connecticut~DALLAS/FT WORTH~DAYTON~DENVER AREA~DETROIT AREA~FREDERICKSBURG~HOUSTON~INDIANAPOLIS~KANSAS CITY~LAS VEGAS~LOS ANGELES/ORANGE COUNTY~MIAMI~MINNEAPOLIS~NAPLES~NASHVILLE~NEW YORK/NEW JERSEY/WHITE PLAINS~ORLANDO~PHILADELPHIA~PHOENIX~PITTSBURGH~PORTLAND~RALEIGH~RENO~SACRAMENTO~SALT LAKE CITY~SAN DIEGO~SAN FRANCISCO BAY AREA~SEATTLE~SHREVEPORT~TAMPA~TRENTON~WACO~WASHINGTON DC",,,,,,,,,,,,,,,,,,"ATLANTA~BOSTON~CAPITAL PENNSYLVANIA~CHARLOTTE~CHICAGO~COLUMBIA SC~COLUMBUS~CONNECTICUT~DALLAS/FT WORTH~DAYTON~DENVER AREA~DETROIT AREA~FREDERICKSBURG~HOUSTON~INDIANAPOLIS~KANSAS CITY~LAS VEGAS~LOS ANGELES/ORANGE COUNTY~MIAMI~MINNEAPOLIS~NAPLES~NASHVILLE~NEW YORK/NEW JERSEY/WHITE PLAINS~ORLANDO~PHILADELPHIA~PHOENIX~PITTSBURGH~PORTLAND~RALEIGH~RENO~SACRAMENTO~SALT LAKE CITY~SAN DIEGO~SAN FRANCISCO BAY AREA~SEATTLE~SHREVEPORT~TAMPA~TRENTON~WACO~WASHINGTON DC",
"add","allEquipment:CTL_SA_PoC:ctlprivateLine:dataTableTest","Model","1","Configurable Attributes","Select Location",,,,"DTselectLocation","false","Boolean","Boolean Checkbox","None","false","false","false","None","false","false","Marked","Active","false",,,,"1","true","false","None","None","false","false","5eebac03-2d0e-4fc5-b686-a982d1e4d88b","DTAddressArraySet",
"add","allEquipment:CTL_SA_PoC:ctlprivateLine:dataTableTest","Model","1","Configurable Attributes","Address Line",,,,"DTaddressLine","false","Text","Text","None","false","false","en:~fr_CA:","None","false","false","Marked","Active","false",,,,"2","true","false","None","None","false","false","59bb1d6d-4e8a-4d89-9260-40db870bc2df","DTAddressArraySet",
"add","allEquipment:CTL_SA_PoC:ctlprivateLine:dataTableTest","Model","1","Configurable Attributes","City",,,,"DTcity","false","Text","Text","None","false","false","en:~fr_CA:","None","false","false","Marked","Active","false",,,,"3","true","false","None","None","false","false","21a3b361-7748-4ca3-a232-d7a492362b88","DTAddressArraySet",
"add","allEquipment:CTL_SA_PoC:ctlprivateLine:dataTableTest","Model","1","Configurable Attributes","State",,,,"DTstate","false","Text","Text","None","false","false","en:~fr_CA:","None","false","false","Marked","Active","false",,,,"4","true","false","None","None","false","false","e429c000-d15d-4d64-8b9a-be933cf0d1d3","DTAddressArraySet",
"add","allEquipment:CTL_SA_PoC:ctlprivateLine:dataTableTest","Model","1","Configurable Attributes","ZIP",,,,"DTZip","false","Text","Text","None","false","false","en:~fr_CA:","None","false","false","Marked","Active","false",,,,"5","true","false","None","None","false","false","f39259e6-6d54-4e0e-ac71-c854c2e3def2","DTAddressArraySet",
"add","allEquipment:CTL_SA_PoC:ctlprivateLine:dataTableTest","Model","1","Configurable Attributes","Select Location",,,,"DTISelectLocation","false","Text","Text","None","false","false","en:~fr_CA:","None","false","false","Marked","Active","false",,,,"6","true","false","None","None","false","false","6ef8f1f3-eb25-474c-930c-93dc77fbbbd4","DTIAddressInstanceArraySet",
"add","allEquipment:CTL_SA_PoC:ctlprivateLine:dataTableTest","Model","1","Configurable Attributes","Address Line",,,,"DTIAddressLine","false","Text","Text","None","false","false","en:~fr_CA:","None","false","false","Marked","Active","false",,,,"7","true","false","None","None","false","false","c5ba5b29-f17c-406f-afc7-acafec63f01f","DTIAddressInstanceArraySet",
"add","allEquipment:CTL_SA_PoC:ctlprivateLine:dataTableTest","Model","1","Configurable Attributes","City",,,,"DTICity","false","Text","Text","None","false","false","en:~fr_CA:","None","false","false","Marked","Active","false",,,,"8","true","false","None","None","false","false","7c358b1f-be7a-46d1-9efe-b7867fbc9a26","DTIAddressInstanceArraySet",
"add","allEquipment:CTL_SA_PoC:ctlprivateLine:dataTableTest","Model","1","Configurable Attributes","State",,,,"DTIState","false","Text","Text","None","false","false","en:~fr_CA:","None","false","false","Marked","Active","false",,,,"9","true","false","None","None","false","false","3fa7d723-d5b6-4a44-8c13-d1d9a398ca6c","DTIAddressInstanceArraySet",
"add","allEquipment:CTL_SA_PoC:ctlprivateLine:dataTableTest","Model","1","Configurable Attributes","ZIP",,,,"DTIZip","false","Text","Text","None","false","false","en:~fr_CA:","None","false","false","Marked","Active","false",,,,"10","true","false","None","None","false","false","658f8043-5823-4e51-8ad4-5c24a6d4506a","DTIAddressInstanceArraySet",
"add","allEquipment:CTL_SA_PoC:ctlprivateLine:dataTableTest","Model","1","Configurable Attributes","DTAddressArrayControlAttr",,,,"dTAddressArrayControlAttr","false","Integer","Text","None","false","false",,"Range Check","false","false","Marked","Active","false",maximum:200~minimum:1,,,"11","false","true","None","None","false","false","047bff16-271a-4b0f-b7d1-2f92d9eeda3c",,
"add","allEquipment:CTL_SA_PoC:ctlprivateLine:dataTableTest","Model","1","Configurable Attributes","DTAddressInstanceArrayControlAttr",,,,"DTAddressInstanceArrayControlAttr","false","Integer","Text","None","false","false",,"Range Check","false","false","Marked","Active","false",maximum:200~minimum:1,,,"12","false","true","None","None","false","false","b2956b40-ef04-4be1-848f-3aa3825a0bc2",,
"add","allEquipment:CTL_SA_PoC:ctlprivateLine:dataTableTest","Model","1","Configurable Attributes","Address",,,,"DTSearchaddress","false","Text","Text","None","false","false","en:~fr_CA:","None","false","false","Marked","Active","false",,,,"13","false","false","None","None","false","false","c1dbf210-f9ce-4fd3-b5e1-9c5d533934b5",,
"add","allEquipment:CTL_SA_PoC:ctlprivateLine:dataTableTest","Model","1","Configurable Attributes","City",,,,"DTSearchCity","false","Text","Text","None","false","false","en:~fr_CA:","None","false","false","Marked","Active","false",,,,"14","false","false","None","None","false","false","552fd3c3-2785-419e-a8cf-b572bf52e94c",,
"add","allEquipment:CTL_SA_PoC:ctlprivateLine:dataTableTest","Model","1","Configurable Attributes","ZIP",,,,"DTSearchZIP","false","Text","Text","None","false","false","en:~fr_CA:","None","false","false","Marked","Active","false",,,,"15","false","false","None","None","false","false","3fadf438-07e2-4b19-bad2-f77081025555",,
"add","allEquipment:CTL_SA_PoC:ctlprivateLine:dataTableTest","Model","1","Configurable Attributes","State",,,,"DTSearchState","true","Text","Single Select Menu","None","false","false",,"None","false","false","Marked","Active","false",image_menu_layout:false,,,"16","false","false","None","None","false","false","796fdbdd-e6ab-4439-8c4e-875546b12e15",,"Alaska~Alabama~Arkansas~Arizona~California~Colorado~Connecticut~District of Columbia~Delaware~Florida~Georgia~Hawaii~Iowa~Idaho~Illinois~Indiana~Kansas~Kentucky~Louisiana~Massachusetts~Maryland~Maine~Michigan~Minnesota~Missouri~Missisippi~Montana~North Carolina~North Dakota~Nebraska~New Hampshire~New Jersey~New Mexico~Nevada~New York~Ohio~Oklahoma~Oregon~Pennsylvania~Rhode Island~South Carolina~South Dakota~Tennessee~Texas~UTAH~Virginia~Vermont~Washington~Wisconsin~West Virginia",,,,,,,,,,,,,,,,,,"AK~AL~AR~AZ~CA~CO~CT~DC~DE~FL~GA~HI~IA~ID~IL~IN~KS~KY~LA~MA~MD~ME~MI~MN~MO~MS~MT~NC~ND~NE~NH~NJ~NM~NV~NY~OH~OK~OR~PA~RI~SC~SD~TN~TX~UT~VA~VT~WA~WI~WV",
